"INDLABEL","POPID","SNP1","SNP2","SNP3","SNP4","SNP5","SNP6","SNP7","SNP8","SNP9","SNP10","SNP11","SNP12","SNP13","SNP14","SNP15","SNP16","SNP17","SNP18","SNP19","SNP20","SNP21","SNP22","SNP23","SNP24","SNP25"
"H-1242","H",1,2,3,2,2,2,3,1,2,1,3,4,4,3,1,1,1,1,2,4,4,2,2,2,2
"H-1242","H",1,4,3,2,2,2,3,1,2,1,3,2,4,3,1,1,1,1,2,3,4,2,2,2,2
"H-1246","H",NA,NA,NA,NA,NA,NA,3,1,2,1,3,4,4,3,1,1,1,1,2,4,4,2,2,2,NA
"H-1246","H",NA,NA,NA,NA,NA,NA,3,1,2,1,3,4,4,3,1,1,1,1,2,4,4,2,2,2,NA
"H-1319","H",1,2,3,2,2,2,3,1,2,1,3,4,4,3,1,1,1,1,2,4,4,2,2,2,2
"H-1319","H",1,2,3,4,2,2,3,1,2,3,3,4,4,3,1,1,2,1,2,4,4,2,2,2,2
"H-1322","H",NA,NA,NA,NA,NA,NA,NA,NA,NA,NA,NA,NA,NA,NA,NA,NA,NA,NA,NA,NA,NA,NA,NA,NA,NA
"H-1322","H",NA,NA,NA,NA,NA,NA,NA,NA,NA,NA,NA,NA,NA,NA,NA,NA,NA,NA,NA,NA,NA,NA,NA,NA,NA
"H-1374","H",NA,NA,NA,NA,NA,NA,3,1,2,NA,NA,NA,NA,NA,NA,NA,NA,NA,NA,NA,NA,NA,NA,NA,2
"H-1374","H",NA,NA,NA,NA,NA,NA,3,1,4,NA,NA,NA,NA,NA,NA,NA,NA,NA,NA,NA,NA,NA,NA,NA,2
"H-1433","H",1,2,3,2,2,NA,3,1,2,1,3,4,4,3,1,1,1,1,NA,NA,4,2,2,2,2
"H-1433","H",1,2,3,2,2,NA,3,1,2,1,3,4,3,3,1,1,1,1,NA,NA,4,2,2,2,2
"H-1434","H",1,2,3,2,2,NA,3,1,2,1,3,4,4,3,1,1,1,1,2,4,4,2,2,2,2
"H-1434","H",1,4,3,2,2,NA,3,4,2,1,3,2,4,3,3,1,2,1,1,4,4,2,2,2,2
"H-1435","H",1,2,3,2,2,NA,3,1,2,1,3,4,4,3,1,1,1,1,NA,NA,4,2,2,2,2
"H-1435","H",1,2,3,2,2,NA,3,1,2,1,3,4,4,3,3,1,1,1,NA,NA,4,2,2,2,2
"H-1437","H",1,2,3,2,2,2,3,1,2,1,3,4,4,3,1,1,1,1,2,4,4,2,2,2,2
"H-1437","H",1,2,3,2,3,2,3,4,2,1,3,4,4,3,1,1,1,1,2,4,4,2,2,2,2
"H-1438","H",1,2,3,NA,NA,NA,3,1,2,1,3,4,4,3,1,1,1,1,NA,NA,4,2,2,2,2
"H-1438","H",4,4,3,NA,NA,NA,3,1,2,1,3,4,4,3,1,1,1,1,NA,NA,4,2,2,2,2
"H-1441","H",1,2,3,2,2,NA,3,1,2,1,3,4,4,3,1,1,1,1,NA,NA,NA,NA,NA,NA,2
"H-1441","H",1,2,3,2,2,NA,3,1,2,1,3,4,4,4,1,1,1,1,NA,NA,NA,NA,NA,NA,2
"H-1442","H",1,2,3,2,2,2,3,1,2,1,3,4,4,3,1,1,1,1,NA,NA,4,2,2,2,2
"H-1442","H",4,2,3,2,2,2,3,1,2,1,3,4,4,3,1,2,2,1,NA,NA,4,2,2,2,2
"H-3016","H",1,2,3,2,2,2,3,1,2,1,3,4,4,3,1,1,1,1,NA,NA,NA,NA,NA,NA,2
"H-3016","H",1,2,3,2,2,2,3,1,4,1,3,4,3,3,1,1,2,1,NA,NA,NA,NA,NA,NA,2
"H-3023","H",1,2,3,2,2,2,3,1,2,1,3,4,4,3,1,NA,1,1,2,4,4,2,2,2,2
"H-3023","H",1,2,1,4,2,2,3,1,2,1,1,4,3,3,3,NA,1,1,2,3,4,2,2,2,2
"H-3024","H",1,2,3,2,2,2,3,1,2,1,3,4,4,3,1,1,1,1,NA,NA,NA,NA,NA,NA,2
"H-3024","H",1,4,3,2,2,2,3,1,2,1,3,4,4,3,1,1,1,1,NA,NA,NA,NA,NA,NA,2
"H-3025","H",1,2,3,2,2,2,NA,NA,NA,NA,NA,NA,NA,NA,NA,NA,NA,NA,NA,NA,NA,NA,NA,NA,2
"H-3025","H",1,2,3,2,2,2,NA,NA,NA,NA,NA,NA,NA,NA,NA,NA,NA,NA,NA,NA,NA,NA,NA,NA,2
"H-341","H",1,2,3,2,2,2,3,1,2,1,3,4,4,3,1,1,1,1,2,4,4,2,2,2,2
"H-341","H",1,2,3,2,3,2,3,4,2,1,3,4,3,3,3,1,2,1,2,3,4,2,2,2,2
"H-342","H",1,2,3,NA,NA,NA,3,1,2,1,3,4,4,3,1,NA,1,1,2,4,4,2,2,2,2
"H-342","H",4,2,3,NA,NA,NA,3,4,2,1,1,2,4,3,3,NA,1,1,2,4,4,2,2,2,2
"H-346","H",1,2,3,2,2,NA,3,1,2,1,3,4,4,3,1,1,1,1,2,4,4,2,2,2,2
"H-346","H",1,4,3,2,2,NA,3,1,2,1,1,4,4,3,1,1,1,1,1,4,4,2,2,2,2
"H-645","H",1,2,3,2,2,2,3,1,2,1,3,4,4,3,1,NA,1,1,NA,NA,4,2,2,2,NA
"H-645","H",1,2,3,2,2,2,3,1,2,1,3,2,4,4,3,NA,1,1,NA,NA,4,2,2,2,NA
"H-647","H",1,2,3,2,2,2,3,1,2,1,3,4,4,3,1,1,1,1,2,4,4,2,2,2,2
"H-647","H",1,4,1,2,2,2,3,1,2,1,3,4,3,3,3,1,1,1,2,4,4,2,4,4,4
"H-657","H",NA,NA,NA,NA,NA,NA,3,1,2,1,3,4,4,3,1,1,1,1,2,4,4,2,2,2,2
"H-657","H",NA,NA,NA,NA,NA,NA,3,1,2,1,3,2,4,3,1,1,1,1,2,4,4,2,2,2,2
"H-658","H",1,2,3,2,2,2,3,1,2,1,3,4,4,3,1,1,1,1,2,4,4,2,2,2,2
"H-658","H",1,2,3,2,3,2,3,1,4,1,3,4,3,3,1,1,2,1,2,4,2,4,2,2,2
"K-1265","K",1,2,3,2,2,2,3,1,2,1,3,4,4,3,1,NA,1,1,2,4,4,2,2,2,2
"K-1265","K",1,2,3,2,2,2,3,1,2,1,3,4,4,3,1,NA,1,1,2,4,4,2,2,2,2
"K-1267","K",1,2,3,2,2,2,3,1,2,1,3,4,4,3,1,1,1,1,2,4,4,2,2,2,2
"K-1267","K",1,2,3,2,2,2,3,1,4,1,3,4,4,3,1,1,2,1,2,4,4,2,2,2,2
"K-1270","K",1,2,3,NA,NA,NA,3,1,2,NA,NA,NA,NA,NA,NA,NA,NA,NA,NA,NA,NA,NA,NA,NA,2
"K-1270","K",1,2,3,NA,NA,NA,3,1,2,NA,NA,NA,NA,NA,NA,NA,NA,NA,NA,NA,NA,NA,NA,NA,2
"K-1272","K",1,2,3,2,2,2,3,1,2,1,3,4,4,3,1,1,1,1,2,4,4,2,2,2,2
"K-1272","K",1,2,3,2,2,2,3,1,2,1,3,4,4,3,3,2,1,1,2,4,4,2,2,2,2
"K-1311","K",1,2,3,2,2,2,3,1,2,1,3,4,4,3,1,1,1,1,NA,NA,NA,NA,NA,NA,2
"K-1311","K",1,2,3,2,2,2,3,1,2,1,3,4,4,3,1,1,1,1,NA,NA,NA,NA,NA,NA,2
"K-1314","K",1,2,3,NA,2,2,3,1,2,1,3,4,4,3,1,1,1,1,NA,NA,NA,NA,NA,NA,NA
"K-1314","K",1,2,3,NA,2,2,3,1,2,1,3,4,4,3,1,1,2,1,NA,NA,NA,NA,NA,NA,NA
"K-1397","K",1,2,3,2,2,2,3,1,2,1,3,4,4,3,1,1,1,1,NA,NA,4,2,2,2,2
"K-1397","K",1,2,1,2,2,2,3,1,2,1,3,4,3,3,1,1,1,1,NA,NA,4,2,2,2,2
"K-1398","K",1,2,3,2,2,2,3,1,2,1,3,4,4,3,1,1,1,1,2,4,4,2,2,2,NA
"K-1398","K",1,2,3,2,2,2,3,1,4,1,1,2,4,3,1,2,1,1,1,4,4,2,2,2,NA
"K-1401","K",1,2,3,2,2,2,3,1,2,1,3,4,4,3,1,1,1,1,2,4,4,2,2,2,2
"K-1401","K",1,2,3,2,2,2,3,1,4,1,3,2,4,4,1,1,1,1,2,4,4,2,2,2,2
"K-1405","K",1,2,3,2,2,2,3,1,2,1,3,4,4,3,1,NA,NA,NA,2,4,4,2,2,2,2
"K-1405","K",1,2,3,2,2,2,3,1,4,1,3,4,3,3,1,NA,NA,NA,2,4,4,2,2,2,2
"K-1921","K",1,2,3,NA,NA,2,3,1,2,NA,NA,NA,NA,NA,NA,NA,NA,NA,NA,NA,NA,NA,NA,NA,2
"K-1921","K",1,2,3,NA,NA,2,3,1,2,NA,NA,NA,NA,NA,NA,NA,NA,NA,NA,NA,NA,NA,NA,NA,2
"K-235","K",1,2,3,2,2,2,3,1,2,1,3,4,4,3,1,1,1,1,2,4,4,2,2,2,2
"K-235","K",1,2,1,2,2,2,3,1,2,1,3,4,4,3,1,1,1,1,2,4,2,2,4,2,2
"K-3061","K",1,2,3,2,2,2,3,1,2,1,3,4,4,3,1,1,1,1,2,4,4,2,2,2,2
"K-3061","K",1,2,3,2,2,2,3,1,2,3,1,4,4,3,1,1,1,1,2,4,4,2,2,2,2
"K-3063","K",1,2,3,2,2,2,3,1,2,1,3,4,4,3,1,1,1,1,2,4,4,2,2,2,2
"K-3063","K",1,2,1,2,2,2,3,1,2,1,3,4,4,3,1,1,1,1,2,4,4,2,2,2,2
"K-365","K",1,2,3,2,2,2,3,1,2,1,3,4,4,3,1,1,1,1,NA,NA,4,2,2,2,2
"K-365","K",1,2,3,2,2,2,3,1,2,1,1,2,4,4,1,1,2,1,NA,NA,4,2,2,2,2
"K-366","K",1,2,3,2,2,2,3,1,2,1,3,4,4,3,1,1,1,1,2,4,4,2,2,2,2
"K-366","K",1,2,1,2,2,2,3,1,2,1,1,4,4,3,1,1,1,1,2,3,4,2,2,2,2
"K-368","K",1,2,3,2,2,2,3,1,2,NA,NA,NA,NA,NA,NA,NA,NA,NA,NA,NA,NA,NA,NA,NA,2
"K-368","K",1,2,3,2,2,2,3,1,2,NA,NA,NA,NA,NA,NA,NA,NA,NA,NA,NA,NA,NA,NA,NA,2
"K-369","K",1,2,3,2,2,2,3,1,2,1,3,4,4,3,1,1,1,1,2,4,4,2,2,2,2
"K-369","K",1,2,3,2,2,2,3,1,2,1,3,2,4,3,1,2,1,1,2,3,4,2,2,2,2
"K-652","K",1,2,3,2,2,2,NA,NA,NA,1,3,4,4,3,1,1,1,1,2,4,4,2,2,2,2
"K-652","K",1,2,3,2,2,2,NA,NA,NA,1,3,4,4,3,1,1,1,1,2,4,4,2,2,2,2
"K-812","K",1,2,3,2,2,2,3,1,2,1,3,4,4,3,1,1,1,1,NA,NA,NA,NA,NA,NA,2
"K-812","K",1,2,3,2,2,2,3,1,2,1,3,4,3,3,1,1,1,1,NA,NA,NA,NA,NA,NA,2
"K-814","K",1,2,3,2,2,2,3,1,2,1,3,4,4,3,1,1,1,1,NA,NA,4,2,2,2,NA
"K-814","K",1,2,3,2,2,2,3,1,2,1,3,2,4,3,1,2,2,1,NA,NA,4,2,2,2,NA
"K-947","K",1,2,3,2,2,2,3,1,2,1,3,4,4,3,1,1,1,1,2,4,4,2,2,2,2
"K-947","K",1,2,3,2,2,2,3,1,2,1,3,4,4,3,3,1,1,1,2,4,4,2,2,2,2
"K-949","K",1,2,3,2,2,2,3,1,2,1,3,4,4,3,1,NA,NA,NA,2,4,4,2,2,2,2
"K-949","K",1,2,1,4,2,2,3,1,2,1,3,4,4,3,1,NA,NA,NA,2,3,4,2,2,2,2
"K-950","K",1,2,3,2,2,2,3,1,2,1,3,4,4,3,1,1,1,1,NA,NA,4,2,2,2,2
"K-950","K",1,2,1,2,2,2,3,1,2,1,1,2,4,3,1,2,1,1,NA,NA,2,2,2,2,2
"K-951","K",1,2,3,2,2,2,3,1,2,1,3,4,4,3,1,1,1,1,2,4,4,2,2,2,2
"K-951","K",1,2,3,2,2,2,3,1,2,3,3,4,4,3,3,1,1,1,2,3,4,2,2,2,2
"P-1000","P",1,2,3,2,2,1,3,1,2,3,3,4,4,3,1,1,1,1,2,4,4,2,2,2,2
"P-1000","P",4,2,1,2,2,1,3,1,2,3,3,4,3,3,1,1,1,1,2,4,2,2,4,2,2
"P-1001","P",1,2,3,2,2,2,3,1,2,1,3,4,4,3,1,1,1,1,NA,NA,4,2,2,2,2
"P-1001","P",1,4,3,2,2,1,3,1,2,3,1,4,4,3,3,1,2,1,NA,NA,4,2,2,2,2
"P-1369","P",NA,NA,NA,NA,NA,NA,NA,NA,NA,NA,NA,NA,NA,NA,NA,NA,NA,NA,NA,NA,4,2,2,2,NA
"P-1369","P",NA,NA,NA,NA,NA,NA,NA,NA,NA,NA,NA,NA,NA,NA,NA,NA,NA,NA,NA,NA,4,2,2,2,NA
"P-1371","P",1,2,3,2,2,2,NA,NA,NA,1,3,4,4,3,1,1,1,1,2,4,4,2,2,2,2
"P-1371","P",1,2,3,2,2,2,NA,NA,NA,1,3,4,4,3,1,1,1,1,2,4,4,4,2,2,2
"P-1375","P",1,2,3,2,2,2,3,1,2,1,3,4,4,3,1,NA,1,1,2,4,4,2,2,2,2
"P-1375","P",1,4,3,2,2,2,3,1,2,1,3,2,4,3,1,NA,1,1,2,3,4,2,2,2,2
"P-1447","P",1,2,3,2,2,2,3,1,2,1,3,4,4,3,1,1,1,1,2,4,4,2,2,2,2
"P-1447","P",1,2,3,2,2,2,3,1,2,1,1,4,3,3,3,1,1,1,2,4,4,2,2,2,2
"P-1453","P",1,4,3,2,2,NA,3,1,2,1,3,4,4,3,1,1,1,1,2,4,4,2,2,2,2
"P-1453","P",1,4,3,2,2,NA,3,1,2,1,3,4,4,3,3,1,1,1,2,4,2,4,4,2,2
"P-1456","P",1,2,3,2,2,2,3,1,2,1,3,4,4,3,1,1,1,1,2,4,4,2,2,2,2
"P-1456","P",1,2,3,2,2,2,3,1,2,1,3,4,4,3,1,2,1,1,2,4,4,4,2,2,2
"P-2518","P",1,2,3,2,2,2,3,1,2,1,3,4,4,3,1,1,1,1,2,4,4,2,2,2,2
"P-2518","P",1,2,3,2,2,2,3,1,2,1,3,4,4,3,1,2,1,1,1,3,4,2,2,2,2
"P-2519","P",1,2,3,2,2,2,3,1,2,NA,NA,NA,NA,NA,NA,NA,NA,NA,2,4,4,2,2,2,NA
"P-2519","P",4,2,3,2,2,2,3,1,4,NA,NA,NA,NA,NA,NA,NA,NA,NA,2,4,4,2,4,4,NA
"P-2525","P",1,4,3,2,2,NA,3,1,2,1,3,4,4,3,1,1,1,1,2,4,4,2,2,2,2
"P-2525","P",1,4,3,2,2,NA,3,1,2,1,3,2,3,3,3,2,1,1,1,4,2,2,2,2,2
"P-3027","P",1,2,3,2,2,2,3,1,2,1,3,4,4,3,1,1,1,1,NA,NA,4,2,2,2,2
"P-3027","P",1,4,3,2,2,2,3,1,2,3,3,4,4,3,3,2,1,1,NA,NA,4,2,2,2,4
"P-3029","P",1,2,3,2,2,2,3,1,2,1,3,4,4,3,1,NA,1,1,2,4,4,2,2,2,2
"P-3029","P",1,2,3,4,2,2,3,1,2,3,3,2,3,3,3,NA,1,2,2,4,4,2,2,2,2
"P-3032","P",1,2,3,2,2,2,3,1,2,1,3,4,4,3,1,NA,NA,NA,2,4,4,2,2,2,2
"P-3032","P",1,2,3,2,2,2,3,1,2,3,3,4,4,3,1,NA,NA,NA,2,4,2,2,2,2,2
"P-3035","P",1,2,3,2,2,2,3,1,2,1,3,4,4,3,1,1,1,1,2,4,4,2,2,2,2
"P-3035","P",1,4,3,2,2,2,3,1,2,3,3,4,4,3,1,1,1,1,2,4,4,2,2,2,2
"P-381","P",1,2,3,2,2,2,3,1,2,3,3,4,4,3,1,1,1,1,2,4,4,2,2,2,2
"P-381","P",1,4,3,2,2,2,3,1,2,3,3,4,4,3,1,1,1,1,2,4,4,2,2,2,2
"P-382","P",1,2,3,2,2,2,3,1,2,1,3,4,4,3,1,NA,NA,NA,2,4,4,2,2,2,NA
"P-382","P",1,2,3,2,2,2,3,1,2,1,3,4,3,3,1,NA,NA,NA,2,4,4,2,2,2,NA
"P-383","P",1,2,3,2,2,NA,3,1,2,1,3,4,4,3,1,1,1,1,2,4,4,2,2,2,2
"P-383","P",1,2,3,2,2,NA,3,1,2,3,1,2,4,4,1,1,1,1,2,3,4,2,2,2,2
"P-456","P",1,2,3,2,2,2,3,1,2,1,3,4,4,3,1,NA,1,1,NA,NA,4,2,2,2,NA
"P-456","P",1,4,3,2,2,2,1,1,2,1,3,4,4,3,1,NA,1,1,NA,NA,4,2,2,2,NA
"P-457","P",1,2,3,2,2,2,3,1,2,1,3,4,4,3,1,1,1,1,2,4,4,2,2,2,2
"P-457","P",1,2,3,2,2,2,1,1,2,1,3,2,4,3,1,1,1,1,2,4,4,2,2,2,2
"P-466","P",1,2,3,2,2,2,3,1,2,3,3,4,4,3,1,NA,NA,NA,NA,NA,4,2,2,2,NA
"P-466","P",1,4,3,2,2,2,3,1,2,3,3,4,4,4,1,NA,NA,NA,NA,NA,4,2,2,4,NA
"P-743","P",1,2,3,2,2,NA,3,1,2,1,3,4,4,3,1,1,1,1,2,4,4,2,2,2,2
"P-743","P",1,2,3,4,2,NA,3,1,2,1,3,4,4,3,1,1,1,2,2,3,2,2,2,2,2
"P-979","P",NA,NA,NA,NA,NA,NA,3,1,2,NA,NA,NA,NA,NA,NA,NA,NA,NA,NA,NA,NA,NA,NA,NA,NA
"P-979","P",NA,NA,NA,NA,NA,NA,3,1,2,NA,NA,NA,NA,NA,NA,NA,NA,NA,NA,NA,NA,NA,NA,NA,NA
"P-980","P",1,2,3,2,2,2,1,1,2,1,3,4,4,3,1,1,1,1,2,4,4,2,2,2,2
"P-980","P",1,2,3,2,2,2,1,1,2,1,3,2,4,3,1,2,1,1,2,3,4,2,2,2,2
"P-999","P",1,2,3,2,2,2,3,1,2,1,3,4,4,3,1,1,1,1,2,4,4,2,2,2,2
"P-999","P",4,4,3,2,2,2,3,1,2,3,3,4,4,3,1,1,2,1,2,4,4,2,2,2,2
